-- Adding Crew (Actors, Directors)
insert into crew_member(id, name, profile_path, tmdb_id)
values (1, 'Mohamed Saad', '/zpIK3GYmqDPumneEDf0aqsqxhV1.jpg', 127762);
insert into crew_member(id, name, profile_path, tmdb_id)
values (2, 'Haala Shiha', '/fXcS9eioNf6X5au9yx3XU4SLm3U.jpg', 1864242);
insert into crew_member(id, name, profile_path, tmdb_id)
values (3, 'Abla Kamel', '/wVFfL9ZEQx4LZ4AfVvx2K8ab80b.jpg', 127764);
insert into crew_member(id, name, profile_path, tmdb_id)
values (4, 'Hassan Hosny', '/vMG9Carh5bi18v5unk06aYvvKZw.jpg', 127765);
insert into crew_member(id, name, profile_path, tmdb_id)
values (5, 'Wael Ehsan', '/gmXqkZdo3squRuQkqb2is8y9T5g.jpg', 127767);
insert into crew_member(id, name, profile_path, tmdb_id)
values (6, 'Wentworth Miller', '/js09M98qo6rEyyIlTbRMI6XiZJH.jpg', 3972);
insert into crew_member(id, name, profile_path, tmdb_id)
values (7, 'Dominic Purcell', '/30giDZ53c8f72pPbXCLK9xMSAnw.jpg', 10862);
insert into crew_member(id, name, profile_path, tmdb_id)
values (8, 'Paul Adelstein', '/9qkGnEWPzGayZg9gaB4xbP8UL4g.jpg', 17342);
insert into crew_member(id, name, profile_path, tmdb_id)
values (9, 'Robert Knepper', '/lRncjvgCIm1muIkK94zJSH2i3d6.jpg', 17343);
insert into crew_member(id, name, profile_path, tmdb_id)
values (10, 'Amaury Nolasco', '/djcol6Qn1opxkj5oebTMtOnbOnc.jpg', 17341);
insert into crew_member(id, name, profile_path, tmdb_id)
values (11, 'Paul T. Scheuring', '/2hNYumD0sMCDezKvTtDwginHP4L.jpg', 54869);
insert into crew_member(id, name, profile_path, tmdb_id)
values (12, 'Leonardo DiCaprio', '/wo2hJpn04vbtmh0B9utCFdsQhxM.jpg', 6193);
insert into crew_member(id, name, profile_path, tmdb_id)
values (13, 'Kate Winslet', '/9hJ59ogLxgcZDkvfGcjLHqbBzul.jpg', 204);
insert into crew_member(id, name, profile_path, tmdb_id)
values (14, 'James Cameron', '/9qNpwAAmqAcid3cXE9b0mYZwV75.jpg', 2710);
insert into crew_member(id, name, profile_path, tmdb_id)
values (15, 'Tom Hanks', '/xndWFsBlClOJFRdhSt4NBwiPq2o.jpg', 31);
insert into crew_member(id, name, profile_path, tmdb_id)
values (16, 'Robert Zemeckis', '/lZ9L7GMANAqwN9IxbQcxQq6DqAO.jpg', 570);
insert into crew_member(id, name, profile_path, tmdb_id)
values (17, 'Keanu Reeves', '/rRdru6REr9i3WIHv2mntpcgxnoY.jpg', 6384);
insert into crew_member(id, name, profile_path, tmdb_id)
values (18, 'Laurence Fishburne', '/8suOhUmPbfKqDQ17jQ1Gy0mI3P4.jpg', 2975);
insert into crew_member(id, name, profile_path, tmdb_id)
values (19, 'Lana Wachowski', '/hdBQMmClUnqRXtS0UkrLMzSQ51J.jpg', 9340);
insert into crew_member(id, name, profile_path, tmdb_id)
values (20, 'Lilly Wachowski', '/k0Cz9VYLhxkZz9Yc0KPm3EhGPJw.jpg', 9341);
insert into crew_member(id, name, profile_path, tmdb_id)
values (21, 'Samuel L. Jackson', '/nCJJ3NVksYNxIzEHcyC1XziwPVj.jpg', 2231);
insert into crew_member(id, name, profile_path, tmdb_id)
values (22, 'John Travolta', '/ns8uZHmXDQHJt7kCgpBKqj3JfzU.jpg', 8891);
insert into crew_member(id, name, profile_path, tmdb_id)
values (23, 'Quentin Tarantino', '/1gjcpAa99FAOWGnrUvHEXXsRs7o.jpg', 138);
insert into crew_member(id, name, profile_path, tmdb_id)
values (24, 'Christopher Nolan', '/aPZOi8lZKCQ3Uo2g2j8bFMHQQNR.jpg', 525);
insert into crew_member(id, name, profile_path, tmdb_id)
values (25, 'Christian Bale', '/qCpZn2e3dimwbryLnqxZuI88PTi.jpg', 3894);
insert into crew_member(id, name, profile_path, tmdb_id)
values (26, 'Heath Ledger', '/5Y9HnYYa9jF4NunY9lSgJGjSe8E.jpg', 1810);
insert into crew_member(id, name, profile_path, tmdb_id)
values (27, 'Adel Emam', '/45HzGrhVLwZEey4CnmVXFENSOrv.jpg', 4165);
insert into crew_member(id, name, profile_path, tmdb_id)
values (28, 'Youssra', '/kTn76Yy0C4YudSMqAX3h8YvMbn.jpg', 6452);
insert into crew_member(id, name, profile_path, tmdb_id)
values (29, 'Sherif Arafa', '/7HjhYYMMZtBVyWRY2dM8WGHAzgN.jpg', 56291);
insert into crew_member(id, name, profile_path, tmdb_id)
values (30, 'Ahmed Helmy', '/jPteRUeNiQR4TRiYGiMlRYFHkXo.jpg', 1025442);
insert into crew_member(id, name, profile_path, tmdb_id)
values (31, 'Mona Zaki', '/hOXSCLiLvBJ0jUjURYDUMjjTnUh.jpg', 935235);
insert into crew_member(id, name, profile_path, tmdb_id)
values (32, 'Ahmed Mekky', '/14jQPpZGchT3T5kTdQBJUlBSxMU.jpg', 1452544);
insert into crew_member(id, name, profile_path, tmdb_id)
values (33, 'Donia Samir Ghanem', '/xvF3LNwKe80Mr2EQBFmut7IgLXQ.jpg', 1503611);
insert into crew_member(id, name, profile_path, tmdb_id)
values (34, 'Ahmed El-Sakka', '/s0RmmGbBrCAmZe3OAiAIBgXlbRY.jpg', 935233);
insert into crew_member(id, name, profile_path, tmdb_id)
values (35, 'Karim Abdel Aziz', '/qCLCEU2HLmXpJoNPQJ5MN2BHqHL.jpg', 935238);
insert into crew_member(id, name, profile_path, tmdb_id)
values (36, 'Marwan Hamed', '/s9OHIJHzbO7w9AXbm178hw0JJXL.jpg', 935240);
insert into crew_member(id, name, profile_path, tmdb_id)
values (37, 'Sandra Bullock', '/suFFFiXKMcGh6TKX8tUYGqxC9u.jpg', 18277);
insert into crew_member(id, name, profile_path, tmdb_id)
values (38, 'Denzel Washington', '/jj2Gcobpopodar8QjZj8pZDsGP7.jpg', 5292);
insert into crew_member(id, name, profile_path, tmdb_id)
values (39, 'Steven Spielberg', '/tZxcg19YQ3e8fJ0pOs7hjlnmmr6.jpg', 488);
insert into crew_member(id, name, profile_path, tmdb_id)
values (40, 'Will Smith', '/eze9FO9VuryXLP0aF2cRqPCcibN.jpg', 2888);
insert into crew_member(id, name, profile_path, tmdb_id)
values (41, 'Martin Scorsese', '/9U9Y5GQuWX3EZy39B8nkk4NY01S.jpg', 1032);
insert into crew_member(id, name, profile_path, tmdb_id)
values (42, 'Robert De Niro', '/cT8htcckIuyI1Lqwt1CvD02ynTh.jpg', 380);
insert into crew_member(id, name, profile_path, tmdb_id)
values (43, 'Al Pacino', '/2dGBb1fOcNdJZ9OjCJMHHDhTaNk.jpg', 1158);
insert into crew_member(id, name, profile_path, tmdb_id)
values (44, 'Francis Ford Coppola', '/mKJkXwZdmAxYdE6bnQvziqiMKzj.jpg', 1776);
insert into crew_member(id, name, profile_path, tmdb_id)
values (45, 'Marlon Brando', '/9iFVvtMmK5tx7gT5HENhHqPDe9F.jpg', 3084);
insert into crew_member(id, name, profile_path, tmdb_id)
values (46, 'Tim Robbins', '/A7Ci1moazwkJQBh5T4vZ3kqK0p1.jpg', 664);
insert into crew_member(id, name, profile_path, tmdb_id)
values (47, 'Morgan Freeman', '/oIciQWr8VwKoR8TmAw1owaiZFyb.jpg', 192);
insert into crew_member(id, name, profile_path, tmdb_id)
values (48, 'Frank Darabont', '/bFcbkRR1L8eGhT2FrUj69siSXQS.jpg', 5151);
insert into crew_member(id, name, profile_path, tmdb_id)
values (49, 'Brad Pitt', '/tJiSUYst4ddIaz1zge2LqCtu9tw.jpg', 287);
insert into crew_member(id, name, profile_path, tmdb_id)
values (50, 'Edward Norton', '/5XBzD5WuTyVQZeS4VI25z2moMeY.jpg', 819);
insert into crew_member(id, name, profile_path, tmdb_id)
values (51, 'David Fincher', '/ttBqvHDUBXzRII8xzQRr5Qg6tUS.jpg', 7467);
insert into crew_member(id, name, profile_path, tmdb_id)
values (52, 'Uma Thurman', '/6SzFiz7vgFkVfnGGTDJxsrx1lHq.jpg', 139);
insert into crew_member(id, name, profile_path, tmdb_id)
values (53, 'Ridley Scott', '/zABJmN9opmqD4orWl0KzYiKSOXE.jpg', 578);
insert into crew_member(id, name, profile_path, tmdb_id)
values (54, 'Russell Crowe', '/cdowETe1PzXlfGi4dxwy5T9c3xp.jpg', 934);
insert into crew_member(id, name, profile_path, tmdb_id)
values (55, 'Peter Jackson', '/4hh7hips4xc6vG6Zz6zéXlsVfu6.jpg', 108);
insert into crew_member(id, name, profile_path, tmdb_id)
values (56, 'Elijah Wood', '/hFfQR3BtMspgjiUfP2DQp3EYAJk.jpg', 109);
insert into crew_member(id, name, profile_path, tmdb_id)
values (57, 'Ian McKellen', '/5cnnnpnJG6TiYUSS7qgJheUZgnv.jpg', 1327);
insert into crew_member(id, name, profile_path, tmdb_id)
values (58, 'Orlando Bloom', '/qUH5K2ZOkOsOQL2aVha9JnXnTzy.jpg', 114);
insert into crew_member(id, name, profile_path, tmdb_id)
values (59, 'George Lucas', '/WCSZzWdtPmdRxH9LUCVi2JPCSJ.jpg', 1);
insert into crew_member(id, name, profile_path, tmdb_id)
values (60, 'Harrison Ford', '/5M7oN3sznp99hWYQ9sX0xheswWX.jpg', 3);
insert into crew_member(id, name, profile_path, tmdb_id)
values (61, 'Taha Desouky', '/fmW18Zw765Cz2mhQJUiLQXBYbEt.jpg', 3261880);
insert into crew_member(id, name, profile_path, tmdb_id)
values (62, 'Essam Omar', '/cpWCF6GwzZBCVD4oAhjYyE2AdNS.jpg', 3462256);
insert into crew_member(id, name, profile_path, tmdb_id)
values (63, 'Omar El Mohandes', '/llRPxQLj7DC2s9rezjzIrHsy4cy.jpg', 3894664);
insert into crew_member(id, name, profile_path, tmdb_id)
values (64, 'Bryan Cranston', '/7Jahy5LZX2Fo8fGJltMreAI49hC.jpg', 17419);
insert into crew_member(id, name, profile_path, tmdb_id)
values (65, 'Aaron Paul', '/8Ac9uuoYwZoYVAIJfRLzzLsGGJn.jpg', 84497);
insert into crew_member(id, name, profile_path, tmdb_id)
values (66, 'Vince Gilligan', '/z3E0DhBg1V1PZVEtS9vfFPzOWYB.jpg', 66633);
insert into crew_member(id, name, profile_path, tmdb_id)
values (67, 'Emilia Clarke', '/r6l5f1wHvBbyTVgPrBYwPSRsNlg.jpg', 1223786);
insert into crew_member(id, name, profile_path, tmdb_id)
values (68, 'Peter Dinklage', '/lnZPtKXzDdPCo2r9h5n1uIMmJKz.jpg', 22970);
insert into crew_member(id, name, profile_path, tmdb_id)
values (69, 'Kit Harington', '/4Lj1lHNOaQCuKDddrg0TbZn4WHw.jpg', 239019);
insert into crew_member(id, name, profile_path, tmdb_id)
values (70, 'David Benioff', '/6VvKvvyxpqgBPz3xsdjGxm9Rg4e.jpg', 228068);
insert into crew_member(id, name, profile_path, tmdb_id)
values (71, 'James Gandolfini', '/bGhPjVeWnNGCGNsPnm3RKoNj3gK.jpg', 3227);
insert into crew_member(id, name, profile_path, tmdb_id)
values (72, 'Edie Falco', '/6kE7YAixtGgaDqbOhOpVNB1R6qN.jpg', 3145);
insert into crew_member(id, name, profile_path, tmdb_id)
values (73, 'David Chase', '/8qJ5DXhb5pjPcYFJdNNdRsBJWUi.jpg', 4945);
insert into crew_member(id, name, profile_path, tmdb_id)
values (74, 'Millie Bobby Brown', '/uCgVe9HhO5Zlut9DEa35qKEEL5N.jpg', 1050851);
insert into crew_member(id, name, profile_path, tmdb_id)
values (75, 'Finn Wolfhard', '/4kBXMDJOGtNHx9ov75XrPxnLHNR.jpg', 1379264);
insert into crew_member(id, name, profile_path, tmdb_id)
values (76, 'David Harbour', '/l8HGcQhMKkRbhqX15RyILmXy2tZ.jpg', 12133);
insert into crew_member(id, name, profile_path, tmdb_id)
values (77, 'Matt Duffer', '/f8J9xGb8ZRXdOoS4Yl9TShxaXkP.jpg', 1398540);
insert into crew_member(id, name, profile_path, tmdb_id)
values (78, 'Dominic West', '/vRCAWHhgc4EjPIFYYDJ7G8O2Xsr.jpg', 8965);
insert into crew_member(id, name, profile_path, tmdb_id)
values (79, 'Idris Elba', '/be1bVF7qGX91a6c5WeRPs5pKXln.jpg', 5462);
insert into crew_member(id, name, profile_path, tmdb_id)
values (80, 'David Simon', '/iMkkStdF7WkfhxaCZFgSBEq0WO5.jpg', 27024);
insert into crew_member(id, name, profile_path, tmdb_id)
values (81, 'Bob Odenkirk', '/f9LHv7cXtrLLiIHQlSz9Tq1YXA.jpg', 59410);
insert into crew_member(id, name, profile_path, tmdb_id)
values (82, 'Rhea Seehorn', '/7dHq6yWjgYLY6OjUZXr0w4Uh2w8.jpg', 214761);
insert into crew_member(id, name, profile_path, tmdb_id)
values (83, 'Peter Gould', '/1vKKQGwEtBvMuwf6TzIkAV5w8sU.jpg', 213054);
insert into crew_member(id, name, profile_path, tmdb_id)
values (84, 'Steve Carell', '/pf4vPsLWRmYABpLVBQeJOVtVnM.jpg', 4495);
insert into crew_member(id, name, profile_path, tmdb_id)
values (85, 'John Krasinski', '/3hwwlxEjV7fUg1zUQHKgL4I5aCK.jpg', 38673);
insert into crew_member(id, name, profile_path, tmdb_id)
values (86, 'Greg Daniels', '/tqcBKHFkNQhLNY3aAK3JJ0hgGlZ.jpg', 3037);
insert into crew_member(id, name, profile_path, tmdb_id)
values (87, 'Jennifer Aniston', '/lHx7UVw7z4Aa2RKyNYLv5fhHsEf.jpg', 4491);
insert into crew_member(id, name, profile_path, tmdb_id)
values (88, 'Courteney Cox', '/6vdZMA7L5L8WRBCcJcC7uHZFhZz.jpg', 4490);
insert into crew_member(id, name, profile_path, tmdb_id)
values (89, 'Matthew Perry', '/jCKFqjKCZWtGLvjFjpx4t1Z9cW7.jpg', 17825);
insert into crew_member(id, name, profile_path, tmdb_id)
values (90, 'David Crane', '/9yb1I0qCHwNhJ3ZKKq8RY5Vvxpf.jpg', 20825);
insert into crew_member(id, name, profile_path, tmdb_id)
values (91, 'Benedict Cumberbatch', '/wz3MRiMlGDwCdchqFcQY8fuI8gq.jpg', 71580);
insert into crew_member(id, name, profile_path, tmdb_id)
values (92, 'Martin Freeman', '/bNNiDWDKhm8zNHd4ycKuFLYpN3Y.jpg', 16851);
insert into crew_member(id, name, profile_path, tmdb_id)
values (93, 'Mark Gatiss', '/8GUsQZeY1FNRn0WpnIQy5wkNkHQ.jpg', 78955);
insert into crew_member(id, name, profile_path, tmdb_id)
values (94, 'Matthew McConaughey', '/wJtnLZCRN3uiYJMZCWl8cWAkdYH.jpg', 10297);
insert into crew_member(id, name, profile_path, tmdb_id)
values (95, 'Woody Harrelson', '/qjJJyiEbADlVhGJpRUVgE2uFPJd.jpg', 57755);
insert into crew_member(id, name, profile_path, tmdb_id)
values (96, 'Nic Pizzolatto', '/rEF6V2uIJt1eNLdv8ZJQo1BmX7G.jpg', 1315516);
insert into crew_member(id, name, profile_path, tmdb_id)
values (97, 'Salah Abu Seif', '/salah_abu_seif.jpg', 1000001);
insert into crew_member(id, name, profile_path, tmdb_id)
values (98, 'Youssef Chahine', '/youssef_chahine.jpg', 1000002);
insert into crew_member(id, name, profile_path, tmdb_id)
values (99, 'Peter Mimi', '/peter_mimi.jpg', 1000003);
insert into crew_member(id, name, profile_path, tmdb_id)
values (100, 'Mohamed Sobhi', '/mohamed_sobhi.jpg', 1000004);
insert into crew_member(id, name, profile_path, tmdb_id)
values (101, 'Inas El-Degheidy', '/inas_degheidy.jpg', 1000005);
insert into crew_member(id, name, profile_path, tmdb_id)
values (102, 'Osama Anwar Okasha', '/osama_okasha.jpg', 1000006);
insert into crew_member(id, name, profile_path, tmdb_id)
values (103, 'Mohamed Gamal El-Adl', '/mohamed_gamal_adl.jpg', 1000007);
insert into crew_member(id, name, profile_path, tmdb_id)
values (104, 'Ahmed El Gendy', '/ahmed_gendy.jpg', 1000008);
insert into crew_member(id, name, profile_path, tmdb_id)
values (105, 'Sherif Arafa', '/sherif_arafa.jpg', 1000009);
insert into crew_member(id, name, profile_path, tmdb_id)
values (106, 'Amr Arafa', '/pUFtRwrdbq9Ev14BsY3XJl03zrM.jpg', 1321994);
insert into crew_member(id, name, profile_path, tmdb_id)
values (107, 'Mahmoud Abdel Aziz', '/mahmoud_abdel_aziz.jpg', 1000011);
insert into crew_member(id, name, profile_path, tmdb_id)
values (108, 'Youssra', '/youssra.jpg', 1000012);
insert into crew_member(id, name, profile_path, tmdb_id)
values (109, 'Nour El-Sherif', '/nour_el_sherif.jpg', 1000013);
insert into crew_member(id, name, profile_path, tmdb_id)
values (110, 'Salah Zulfikar', '/salah_zulfikar.jpg', 1000014);
insert into crew_member(id, name, profile_path, tmdb_id)
values (111, 'Yehia El-Fakharany', '/yehia_fakharany.jpg', 1000015);
insert into crew_member(id, name, profile_path, tmdb_id)
values (112, 'Ahmed Mekky', '/ahmed_mekky.jpg', 1000016);
insert into crew_member(id, name, profile_path, tmdb_id)
values (113, 'Menna Shalaby', '/menna_shalaby.jpg', 1000017);
insert into crew_member(id, name, profile_path, tmdb_id)
values (114, 'Ahmed Ezz', '/ahmed_ezz.jpg', 1000018);
insert into crew_member(id, name, profile_path, tmdb_id)
values (115, 'Amina Rizk', '/eHJBpaypMN52VSIF84r5MgvC0Mr.jpg', 1470618);
insert into crew_member(id, name, profile_path, tmdb_id)
values (116, 'Amr Youssef', '/vYyvP5NHlVUNdKmUgX3e7X5sAW.jpg', 226927);
insert into crew_member(id, name, profile_path, tmdb_id)
values (117, 'Úrsula Corberó', '/cmH8Z459tw9YkR61QfxlCSlZw9P.jpg', 1042728);
insert into crew_member(id, name, profile_path, tmdb_id)
values (118, 'Itziar Ituño', '/vnrfL03NwRJ1X82esSNUoYzASGr.jpg', 947514);
insert into crew_member(id, name, profile_path, tmdb_id)
values (119, 'Álvaro Morte', '/2TGPhdpRC5wjdFEJqnLYiN5kbwg.jpg', 1340020);
insert into crew_member(id, name, profile_path, tmdb_id)
values (120, 'Pedro Alonso', '/38HeVKeOBztVYrLJOWzAtEZiB02.jpg', 1109836);


insert into genre(id, name, tmdb_id) values (1, 'Action', 28);
insert into genre(id, name, tmdb_id) values (2, 'Drama', 18);
insert into genre(id, name, tmdb_id) values (3, 'Comedy', 35);
insert into genre(id, name, tmdb_id) values (4, 'Horror', 27);
insert into genre(id, name, tmdb_id) values (5, 'Fantasy', 14);
insert into genre(id, name, tmdb_id) values (6, 'Mystery', 9648);
insert into genre(id, name, tmdb_id) values (7, 'Crime', 80);
insert into genre(id, name, tmdb_id) values (8, 'Science Fiction', 878);
insert into genre(id, name, tmdb_id) values (9, 'Romance', 10749);
insert into genre(id, name, tmdb_id) values (10, 'Adventure', 12);
insert into genre(id, name, tmdb_id) values (11, 'Thriller', 53);
insert into genre(id, name, tmdb_id) values (12, 'Family', 10751);
insert into genre(id, name, tmdb_id) values (13, 'Documentary', 99);
insert into genre(id, name, tmdb_id) values (14, 'Animation', 16);
insert into genre(id, name, tmdb_id) values (15, 'War', 10752);
insert into genre(id, name, tmdb_id) values (16, 'Kids', 10762);
insert into genre(id, name, tmdb_id) values (17, 'News', 10763);
insert into genre(id, name, tmdb_id) values (18, 'Reality', 10764);
insert into genre(id, name, tmdb_id) values (19, 'Sci-Fi & Fantasy', 10765);
insert into genre(id, name, tmdb_id) values (20, 'Soap', 10766);
insert into genre(id, name, tmdb_id) values (21, 'Talk', 10767);
insert into genre(id, name, tmdb_id) values (22, 'War & Politics', 10768);
insert into genre(id, name, tmdb_id) values (23, 'Western', 37);
insert into genre(id, name, tmdb_id) values (24, 'History', 36);
insert into genre(id, name, tmdb_id) values (25, 'Music', 10402);
insert into genre(id, name, tmdb_id) values (26, 'TV Movie', 10770);
insert into genre(id, name, tmdb_id) values (27, 'Action & Adventure', 10759);

-- Adding Providers
insert into provider(id, name, logo, tmdb_id)
values (1, 'Amazon Video', '/seGSXajazLMCKGB5hnRCidtjay1.jpg',10);
insert into provider(id, name, logo, tmdb_id)
values (2, 'Apple TV', '/9ghgSC0MA082EL6HLCW3GalykFD.jpg',2);
insert into provider(id, name, logo, tmdb_id)
values (3, 'Google Play Movies', '/8z7rC8uIDaTM91X0ZfkRf04ydj2.jpg',3);
insert into provider(id, name, logo, tmdb_id)
values (4, 'YouTube', '/pTnn5JwWr4p3pG8H6VrpiQo7Vs0.jpg',192);
insert into provider(id, name, logo, tmdb_id)
values (5, 'Fandango At Home', '/19fkcOz0xeUgCVW8tO85uOYnYK9.jpg',7);

-- Adding Content
insert into content(id, title, overview, original_language, poster_path, release_date, imdb_rate, tmdb_id, content_type)
values (1, 'اللمبي', 'El-Limby lives in a decrepit neighborhood with his mother Faransa and he develops feelings for his neighbor.','ar', '/xrCgrBgAeOS24sxToCPN1HW7eOL.jpg', '2002-10-06', 6.8, 42315, 'MOVIE');
insert into movie(id, run_time, production_country, director_id, slug)
values (1, 100, 'Egypt', 5, 'اللمبي');
insert into content(id, title, overview, original_language, poster_path, release_date, imdb_rate, tmdb_id, content_type)
values (9, 'آسف على الإزعاج', 'A young man receives a phone call from a famous TV presenter who asks him to appear on her show. But someone stole his ID card, which he needs to get into the TV building.', 'ar', '/h16EVoqi5aG4P7g1J2LZSCtWryk.jpg', '2008-12-03', 7.3, 60700, 'MOVIE');
insert into movie(id, run_time, production_country, director_id, slug)
values (9, 120, 'Egypt', 29, 'آسف-على-الإزعاج');
insert into content(id, title, overview, original_language, poster_path, release_date, imdb_rate, tmdb_id, content_type)
values (10, 'The Godfather', 'The aging patriarch of an organized crime dynasty transfers control of his clandestine empire to his reluctant son.', 'en', '/3bhkrj58Vtu7enYsRolD1fZdja1.jpg', '1972-03-14', 9.2, 238, 'MOVIE');
insert into movie(id, run_time, production_country, director_id, slug)
values (10, 175, 'United States', 44, 'the-godfather');
insert into content(id, title, overview, original_language, poster_path, release_date, imdb_rate, tmdb_id, content_type)
values (11, 'The Shawshank Redemption', 'Two imprisoned men bond over a number of years, finding solace and eventual redemption through acts of common decency.', 'en', '/q6y0Go1tsGEsmtFryDOJo3dEmqu.jpg', '1994-09-23', 9.3, 278, 'MOVIE');
insert into movie(id, run_time, production_country, director_id, slug)
values (11, 142, 'United States', 48, 'the-shawshank-redemption');
insert into content(id, title, overview, original_language, poster_path, release_date, imdb_rate, tmdb_id, content_type)
values (12, 'Fight Club', 'An insomniac office worker and a devil-may-care soapmaker form an underground fight club that evolves into something much, much more.', 'en', '/pB8BM7pdSp6B6Ih7QZ4DrQ3PmJK.jpg', '1999-10-15', 8.8, 550, 'MOVIE');
insert into movie(id, run_time, production_country, director_id, slug)
values (12, 139, 'United States', 51, 'fight-club');
insert into content(id, title, overview, original_language, poster_path, release_date, imdb_rate, tmdb_id, content_type)
values (13, 'Kill Bill: Vol. 1', 'After awakening from a four-year coma, a former assassin wreaks vengeance on the team of assassins who betrayed her.', 'en', '/v7TaX8kXMXs5yFFGR41guUDNcnB.jpg', '2003-10-10', 8.1, 24, 'MOVIE');
insert into movie(id, run_time, production_country, director_id, slug)
values (13, 111, 'United States', 23, 'kill-bill-vol-1');
insert into content(id, title, overview, original_language, poster_path, release_date, imdb_rate, tmdb_id, content_type)
values (14, 'Gladiator', 'A former Roman General sets out to exact vengeance against the corrupt emperor who murdered his family and sent him into slavery.', 'en', '/ty8TGRuvJLPUmAR1H1nRIsgwvim.jpg', '2000-05-05', 8.5, 98, 'MOVIE');
insert into movie(id, run_time, production_country, director_id, slug)
values (14, 155, 'United States', 53, 'gladiator');
insert into content(id, title, overview, original_language, poster_path, release_date, imdb_rate, tmdb_id, content_type)
values (15, 'Titanic', 'A seventeen-year-old aristocrat falls in love with a kind but poor artist aboard the luxurious, ill-fated R.M.S. Titanic.', 'en', '/9xjZS2rlVxm8SFx8kPC3aIGCOYQ.jpg', '1997-12-19', 7.9, 597, 'MOVIE');
insert into movie(id, run_time, production_country, director_id, slug)
values (15, 194, 'United States', 14, 'titanic');
insert into content(id, title, overview, original_language, poster_path, release_date, imdb_rate, tmdb_id, content_type)
values (16, 'The Matrix', 'A computer hacker learns from mysterious rebels about the true nature of his reality and his role in the war against its controllers.', 'en', '/f89U3ADr1oiB1s9GkdPOEpXUk5H.jpg', '1999-03-31', 8.7, 603, 'MOVIE');
insert into movie(id, run_time, production_country, director_id, slug)
values (16, 136, 'United States', 19, 'the-matrix');
insert into content(id, title, overview, original_language, poster_path, release_date, imdb_rate, tmdb_id, content_type)
values (17, 'Pulp Fiction', 'The lives of two mob hitmen, a boxer, a gangster and his wife, and a pair of diner bandits intertwine in four tales of violence and redemption.', 'en', '/d5iIlFn5s0ImszYzBPb8JPIfbXD.jpg', '1994-10-14', 8.9, 680, 'MOVIE');
insert into movie(id, run_time, production_country, director_id, slug)
values (17, 154, 'United States', 23, 'pulp-fiction');
insert into content(id, title, overview, original_language, poster_path, release_date, imdb_rate, tmdb_id, content_type)
values (18, 'The Dark Knight', 'When the menace known as the Joker wreaks havoc and chaos on the people of Gotham, Batman must accept one of the greatest psychological and physical tests of his ability to fight injustice.', 'en', '/qJ2tW6WMUDux911r6m7haRef0WH.jpg', '2008-07-18', 9.0, 155, 'MOVIE');
insert into movie(id, run_time, production_country, director_id, slug)
values (18, 152, 'United States', 24, 'the-dark-knight');
insert into content(id, title, overview, original_language, poster_path, release_date, imdb_rate, tmdb_id, content_type)
values (19, 'سيكو سيكو', 'Two cousins, both from a middle-class background, finally see their dream come true when their inheritance is rightfully returned to them following their uncle’s death.', 'ar', '/rlNIIPi3pm7kY5MgiN3gDHESEkk.jpg', '2025-03-30', 8.1, 608718, 'MOVIE');
insert into movie(id, run_time, production_country, director_id, slug)
values (19, 105, 'Egypt', 63, 'سيكو-سيكو');
insert into content(id, title, overview, original_language, poster_path, release_date, imdb_rate, tmdb_id, content_type)
values (20, 'Forrest Gump', 'The presidencies of Kennedy and Johnson, the events of Vietnam, Watergate, and other historical events unfold through the perspective of an Alabama man with an IQ of 75, whose only desire is to be reunited with his childhood sweetheart.', 'en', '/saHP97rTPS5eLmrLQEcANmKrsFl.jpg', '1994-07-06', 8.8, 13, 'MOVIE');
insert into movie(id, run_time, production_country, director_id, slug)
values (20, 142, 'United States', 16 ,'forrest-gump');
insert into content(id, title, overview, original_language, poster_path, release_date, imdb_rate, tmdb_id, content_type)
values (21, 'Inception', 'A thief who steals corporate secrets through the use of dream-sharing technology is given the inverse task of planting an idea into the mind of a C.E.O.', 'en', '/9gk7adHYeDvHkCSEqAvQNLV5Uge.jpg', '2010-07-16', 8.8, 27205, 'MOVIE');
insert into movie(id, run_time, production_country, director_id, slug)
values (21, 148, 'United States', 24, 'inception');
insert into content(id, title, overview, original_language, poster_path, release_date, imdb_rate, tmdb_id, content_type)
values (22, 'The Lord of the Rings: The Fellowship of the Ring', 'A meek Hobbit from the Shire and eight companions set out on a journey to destroy the powerful One Ring and save Middle-earth from the Dark Lord Sauron.', 'en', '/6oom5QYQ2yQTMJIbnvbkBL9cHo6.jpg', '2001-12-19', 8.8, 120, 'MOVIE');
insert into movie(id, run_time, production_country, director_id, slug)
values (22, 178, 'New Zealand', 55, 'the-lord-of-the-rings-the-fellowship-of-the-ring');
insert into content(id, title, overview, original_language, poster_path, release_date, imdb_rate, tmdb_id, content_type)
values (23, 'Star Wars: Episode IV - A New Hope', 'Princess Leia is captured and held hostage by the evil Imperial forces in their effort to take over the galactic Empire. Venturesome Luke Skywalker and dashing captain Han Solo team together with the lovable robot duo R2-D2 and C-3PO to rescue her ', 'en', '/6FfCtAuVAW8XJjZ7eWeLibRLWTw.jpg', '2001-12-19', 8.8, 11, 'MOVIE');
insert into movie(id, run_time, production_country, director_id, slug)
values (23, 121, 'United States', 59, 'star-wars-episode-iv-a-new-hope');
insert into content(id, title, overview, original_language, poster_path, release_date, imdb_rate, tmdb_id, content_type)
values (24, 'الكيت كات', 'A blind man who works at a public bath house develops a bond with his son, who reads to him from paperbacks about criminal heists.', 'ar', '/u58To5A37XPHY6O5O4T6NGb1zqp.jpg', '1991-12-16', 8.0, 76492, 'MOVIE');
insert into movie(id, run_time, production_country, director_id, slug)
values (24, 135, 'Egypt', 36, 'الكيت-كات');
insert into content(id, title, overview, original_language, poster_path, release_date, imdb_rate, tmdb_id, content_type)
values (25, 'Goodfellas', 'The story of Henry Hill and his life in the mob, covering his relationship with his wife Karen Hill and his mob partners Jimmy Conway and Tommy DeVito in the Italian-American crime syndicate.', 'en', '/aKuFiU82s5ISJpGZp7YkIr3kCUd.jpg', '1990-09-12', 8.7, 769, 'MOVIE');
insert into movie(id, run_time, production_country, director_id, slug)
values (25, 146, 'United States', 41, 'goodfellas');
insert into content(id, title, overview, original_language, poster_path, release_date, imdb_rate, tmdb_id, content_type)
values (26, 'Saving Private Ryan', 'As U.S. troops storm the beaches of Normandy, three brothers lie dead on the battlefield, with a fourth trapped behind enemy lines. Ranger captain John Miller and seven men are tasked with penetrating German-held territory and bringing the boy home.', 'en', '/1wY4psJ5NVEhCuOYROwLH2XExM2.jpg', '1998-07-24', 8.6, 857, 'MOVIE');
insert into movie(id, run_time, production_country, director_id, slug)
values (26, 169, 'United States', 39, 'saving-private-ryan');
insert into content(id, title, overview, original_language, poster_path, release_date, imdb_rate, tmdb_id, content_type)
values (2, 'Prison Break', 'Dangerous threats keep Michael and Lincoln fighting to protect Sara and Mike. Meanwhile, Poseidon continues to try and outsmart Michael and the rest of the gang, which leads them to the ultimate showdown, and not everyone makes it out alive.','en', '/5E1BhkCgjLBlqx557Z5yzcN0i88.jpg', '2005-08-29', 8.078, 2288,'SERIES');
insert into series(id, status, number_of_seasons, number_of_episodes, production_country, director_id, slug)
values (2, 'Ended', 5, 88, 'US', 11, 'prison-break');
insert into content(id, title, overview, original_language, poster_path, release_date, imdb_rate, tmdb_id, content_type)
values (29, 'Breaking Bad', 'When Walter White, a New Mexico chemistry teacher, is diagnosed with Stage III cancer and given a prognosis of only two years left to live, he becomes filled with a sense of fearlessness and an unrelenting desire to secure his familys.', 'en', '/ggFHVNu6YYI5L9pCfOacjizRGt.jpg', '2008-01-20', 9.5, 1396, 'SERIES');
insert into series(id, status, number_of_seasons, number_of_episodes, production_country, director_id, slug)
values (29, 'Ended', 5, 62, 'US', 66, 'breaking-bad');
insert into content(id, title, overview, original_language, poster_path, release_date, imdb_rate, tmdb_id, content_type)
values (30, 'Game of Thrones', 'Seven noble families fight for control of the mythical land of Westeros. Friction between the houses leads to full-scale war. All while a very ancient evil awakens in the farthest north.', 'en', '/u3bZgnGQ9T01sWNhyveQz0wH0Hl.jpg', '2011-04-17', 9.3, 1399, 'SERIES');
insert into series(id, status, number_of_seasons, number_of_episodes, production_country, director_id, slug)
values (30, 'Ended', 8, 73, 'US', 70, 'game-of-thrones');
insert into content(id, title, overview, original_language, poster_path, release_date, imdb_rate, tmdb_id, content_type)
values (31, 'The Sopranos', 'The story of New Jersey-based Italian-American mobster Tony Soprano and the difficulties he faces as he tries to balance the conflicting requirements of his home life and the criminal organization he heads.', 'en', '/rTc7ZXdroqjkKivFPvCPX0Ru7uw.jpg', '1999-01-10', 9.2, 1398, 'SERIES');
insert into series(id, status, number_of_seasons, number_of_episodes, production_country, director_id, slug)
values (31, 'Ended', 6, 86, 'US', 73, 'the-sopranos');
insert into content(id, title, overview, original_language, poster_path, release_date, imdb_rate, tmdb_id, content_type)
values (32, 'Stranger Things', 'When a young boy vanishes, a small town uncovers a mystery involving secret experiments, terrifying supernatural forces, and one strange little girl.', 'en', '/49WJfeN0moxb9IPfGn8AIqMGskD.jpg', '2016-07-15', 8.7, 66732, 'SERIES');
insert into series(id, status, number_of_seasons, number_of_episodes, production_country, director_id, slug)
values (32, 'Ended', 4, 42, 'US', 77, 'stranger-things');
insert into content(id, title, overview, original_language, poster_path, release_date, imdb_rate, tmdb_id, content_type)
values (33, 'The Wire', 'Told from the points of view of both the Baltimore homicide and narcotics detectives and their targets.', 'en', '/4lbclFySvugI51fwsyxBTOm4DqK.jpg', '2002-06-02', 9.3, 1438, 'SERIES');
insert into series(id, status, number_of_seasons, number_of_episodes, production_country, director_id, slug)
values (33, 'Ended', 5, 60, 'US', 80, 'the-wire');
insert into content(id, title, overview, original_language, poster_path, release_date, imdb_rate, tmdb_id, content_type)
values (34, 'Better Call Saul', 'Six years before Saul Goodman meets Walter White. We meet him when the man who will become Saul Goodman is known as Jimmy McGill, a small-time lawyer searching for his destiny, and, more immediately, hustling to make ends meet.', 'en', '/zjg4jpK1Wp2kiRvtt5ND0kznako.jpg', '2015-02-08', 8.8, 60059, 'SERIES');
insert into series(id, status, number_of_seasons, number_of_episodes, production_country, director_id, slug)
values (34, 'Ended', 6, 63, 'US', 83, 'better-call-saul');
insert into content(id, title, overview, original_language, poster_path, release_date, imdb_rate, tmdb_id, content_type)
values (35, 'The Office', 'The everyday lives of office employees in the Scranton, Pennsylvania branch of the fictional Dunder Mifflin Paper Company.', 'en', '/7DJKHzAi83BmQrWLrYYOqcoKfhR.jpg', '2005-03-24', 8.8, 2316, 'SERIES');
insert into series(id, status, number_of_seasons, number_of_episodes, production_country, director_id, slug)
values (35, 'Ended', 9, 201, 'US', 86, 'the-office');
insert into content(id, title, overview, original_language, poster_path, release_date, imdb_rate, tmdb_id, content_type)
values (36, 'Friends', 'The misadventures of a group of friends as they navigate the pitfalls of work, life and love in Manhattan.', 'en', '/2koX1xLkpTQM4IZebYvKysFW1Nh.jpg', '1994-09-22', 8.9, 1668, 'SERIES');
insert into series(id, status, number_of_seasons, number_of_episodes, production_country, director_id, slug)
values (36, 'Ended', 10, 236, 'US', 90, 'friends');
insert into content(id, title, overview, original_language, poster_path, release_date, imdb_rate, tmdb_id, content_type)
values (37, 'Sherlock', 'A modern update finds the famous sleuth and his doctor partner solving crime in 21st century London.', 'en', '/7WTsnHkbA0FaG6R9twfFde0I9hl.jpg', '2010-07-25', 9.1, 19885, 'SERIES');
insert into series(id, status, number_of_seasons, number_of_episodes, production_country, director_id, slug)
values (37, 'Ended', 4, 15, 'GB', 93, 'sherlock');
insert into content(id, title, overview, original_language, poster_path, release_date, imdb_rate, tmdb_id, content_type)
values (38, 'True Detective', 'An American anthology crime drama television series created and written by Nic Pizzolatto. The series, broadcast by the premium cable network HBO, premiered on January 12, 2014.', 'en', '/cuV2O5ZyDLHSOWzg3nLVljp1ubw.jpg', '2014-01-12', 8.9, 46648, 'SERIES');
insert into series(id, status, number_of_seasons, number_of_episodes, production_country, director_id, slug)
values (38, 'Ended', 4, 30, 'US', 96, 'true-detective');
insert into content(id, title, overview, original_language, poster_path, release_date, imdb_rate, tmdb_id, content_type)
values (39, 'رأفت الهجان', 'Epic spy drama based on true events, following Egyptian intelligence officer Raafat Al-Haggan who infiltrated Israeli society for 17 years. One of the most acclaimed Arabic series ever made and patriotism during critical periods in Middle Eastern history.', 'ar', '/xWasNqXzlYom9Ghn3ykO3QrMF4P.jpg', '1988-01-01', 9.1, 90674, 'SERIES');
insert into series(id, status, number_of_seasons, number_of_episodes, production_country, director_id, slug)
values (39, 'Ended', 1, 31, 'EG', 97, 'رأفت-الهجان');
insert into content(id, title, overview, original_language, poster_path, release_date, imdb_rate, tmdb_id, content_type)
values (40, 'ارابيسك', 'Groundbreaking Egyptian drama series that tackled controversial social issues in Egyptian society. Each episode explored different themes including corruption, making it one of the most influential series in Arabic television history.', 'ar', '/3VzNab3jrVqDcei4LexoRINXjfV.jpg', '1994-01-01', 8.9, 90994, 'SERIES');
insert into series(id, status, number_of_seasons, number_of_episodes, production_country, director_id, slug)
values (40, 'Ended', 4, 120, 'EG', 98, 'اربايسك');
insert into content(id, title, overview, original_language, poster_path, release_date, imdb_rate, tmdb_id, content_type)
values (41, 'الميزان', 'A legal drama following the life of a principled lawyer who fights for justice in a corrupt system.', 'ar', '/wk8XF95KdXTNFVl7nIRuLuLO8dm.jpg', '2018-05-16', 8.7, 88015, 'SERIES');
insert into series(id, status, number_of_seasons, number_of_episodes, production_country, director_id, slug)
values (41, 'Ended', 1, 30, 'EG', 99, 'الميزان');
insert into content(id, title, overview, original_language, poster_path, release_date, imdb_rate, tmdb_id, content_type)
values (42, 'يوميات ونيس', 'Wanees and Maysa are proud parents who want what''s best for their four children.', 'ar', '/jz6NCOJ6wYvw2yhGXZ502FiyjKK.jpg', '1999-12-06', 8.8, 55991, 'SERIES');
insert into series(id, status, number_of_seasons, number_of_episodes, production_country, director_id, slug)
values (42, 'Ended', 6, 100, 'EG', 100, 'wanis-wa-jamaloh');
insert into content(id, title, overview, original_language, poster_path, release_date, imdb_rate, tmdb_id, content_type)
values (43, 'العار', 'The series revolves around the family of Haji Abdul Sattar, who is a drug dealer and is assisted by his eldest son without the knowledge of his family.', 'ar', '/hXtqGeIczLjfrlrvoYBXeBWQctb.jpg', '2011-09-13', 8.6, 96822, 'SERIES');
insert into series(id, status, number_of_seasons, number_of_episodes, production_country, director_id, slug)
values (43, 'Ended', 1, 30, 'EG', 101, 'العار');
insert into content(id, title, overview, original_language, poster_path, release_date, imdb_rate, tmdb_id, content_type)
values (44, 'ليالي الحلمية', 'Epic historical drama set in Cairo during the 1940s-1950s, following multiple families through major historical events including World War II, the Palestine conflict, and the Egyptian revolution.', 'ar', '/ri5YHgzMyFptkO4qfeeoe9zaUiG.jpg', '1987-09-01', 9.0, 52560, 'SERIES');
insert into series(id, status, number_of_seasons, number_of_episodes, production_country, director_id, slug)
values (44, 'Ended', 5, 150, 'EG', 102, 'ليالي-الحلمية');
insert into content(id, title, overview, original_language, poster_path, release_date, imdb_rate, tmdb_id, content_type)
values (45, 'حارة اليهود', 'Historical drama set in 1940s Cairo, depicting the coexistence of Egyptian Muslims, Christians, and Jews in the same neighborhood.', 'ar', '/NTF1wrCHVMeiOGqU7gry3vocz3.jpg', '2015-06-18', 5.5, 110473, 'SERIES');
insert into series(id, status, number_of_seasons, number_of_episodes, production_country, director_id, slug)
values (45, 'Ended', 1, 30, 'EG', 103, 'حارة-اليهود');
insert into content(id, title, overview, original_language, poster_path, release_date, imdb_rate, tmdb_id, content_type)
values (46, 'الكبير اوي', 'Al Kabeer seeks to find love again after his wife was gone, unaware that what he is looking for is closer than he imagines.', 'ar', '/oj4XM6wpGRIcx3QoQx1PF1fx5E5.jpg', '2010-08-11', 7.0, 52698, 'SERIES');
insert into series(id, status, number_of_seasons, number_of_episodes, production_country, director_id, slug)
values (46, 'Ended', 6, 180, 'EG', 104, 'الكبير-اوي');
insert into content(id, title, overview, original_language, poster_path, release_date, imdb_rate, tmdb_id, content_type)
values (47, 'ام كلثوم', 'Biographical drama chronicling the life of Umm Kulthum, the legendary Egyptian singer known as "The Star of the East.', 'ar', '/7m9b5BDaIiqYhaGzEb8cNolibtj.jpg', '1999-01-01', 8.3, 100887, 'SERIES');
insert into series(id, status, number_of_seasons, number_of_episodes, production_country, director_id, slug)
values (47, 'Ended', 1, 31, 'EG', 105, 'ام-كلثوم');
insert into content(id, title, overview, original_language, poster_path, release_date, imdb_rate, tmdb_id, content_type)
values (48, 'جراند اوتيل', 'Egyptian adaptation of the Spanish series, set in 1950s Cairo at a luxury hotel.', 'ar', '/gXKdgR3WhYa6ay9TEaU4fnL6bJq.jpg', '2016-05-27', 7.2, 71688, 'SERIES');
insert into series(id, status, number_of_seasons, number_of_episodes, production_country, director_id, slug)
values (48, 'Ended', 3, 90, 'EG', 106, 'جراند-اوتيل');

insert into content(id, title, overview, original_language, poster_path, release_date, imdb_rate, tmdb_id, content_type)
values (49, 'La casa de papel', 'To carry out the biggest heist in history, a mysterious man called The Professor recruits a band of eight robbers who have a single characteristic: none of them has anything to lose.', 'es', '/reEMJA1uzscCbkpeRJeTT2bjqUp.jpg', '2017-05-27', 8.2, 71446, 'SERIES');
insert into series(id, status, number_of_seasons, number_of_episodes, production_country, director_id, slug)
values (49, 'Ended', 3, 40, 'Spain', null, 'la-casa-de-papel');


-- Adding Content-Genre
insert into content_genre(id, content_id, genre_id)
values (1, 1, 3);
insert into content_genre(id, content_id, genre_id)
values (2, 1, 2);
insert into content_genre(id, content_id, genre_id)
values (3, 2, 1);
insert into content_genre(id, content_id, genre_id)
values (4, 2, 7);
insert into content_genre(id, content_id, genre_id)
values (5, 10, 2);
insert into content_genre(id, content_id, genre_id)
values (6, 10, 7);
insert into content_genre(id, content_id, genre_id)
values (7, 11, 2);
insert into content_genre(id, content_id, genre_id)
values (8, 12, 2);
insert into content_genre(id, content_id, genre_id)
values (9, 12, 11);
insert into content_genre(id, content_id, genre_id)
values (10, 13, 1);
insert into content_genre(id, content_id, genre_id)
values (11, 13, 7);
insert into content_genre(id, content_id, genre_id)
values (12, 13, 11);
insert into content_genre(id, content_id, genre_id)
values (13, 14, 1);
insert into content_genre(id, content_id, genre_id)
values (14, 14, 2);
insert into content_genre(id, content_id, genre_id)
values (15, 14, 10);
insert into content_genre(id, content_id, genre_id)
values (16, 15, 2);
insert into content_genre(id, content_id, genre_id)
values (17, 15, 9);
insert into content_genre(id, content_id, genre_id)
values (18, 16, 1);
insert into content_genre(id, content_id, genre_id)
values (19, 16, 8);
insert into content_genre(id, content_id, genre_id)
values (20, 17, 7);
insert into content_genre(id, content_id, genre_id)
values (21, 17, 2);
insert into content_genre(id, content_id, genre_id)
values (22, 17, 11);
insert into content_genre(id, content_id, genre_id)
values (23, 18, 1);
insert into content_genre(id, content_id, genre_id)
values (24, 18, 7);
insert into content_genre(id, content_id, genre_id)
values (25, 18, 2);
insert into content_genre(id, content_id, genre_id)
values (26, 19, 3);
insert into content_genre(id, content_id, genre_id)
values (27, 19, 2);
insert into content_genre(id, content_id, genre_id)
values (28, 20, 2);
insert into content_genre(id, content_id, genre_id)
values (29, 20, 9);
insert into content_genre(id, content_id, genre_id)
values (30, 20, 3);
insert into content_genre(id, content_id, genre_id)
values (31, 9, 3);
insert into content_genre(id, content_id, genre_id)
values (32, 9, 2);
insert into content_genre(id, content_id, genre_id)
values (33, 21, 8);
insert into content_genre(id, content_id, genre_id)
values (34, 21, 1);
insert into content_genre(id, content_id, genre_id)
values (35, 21, 11);
insert into content_genre(id, content_id, genre_id)
values (36, 22, 10);
insert into content_genre(id, content_id, genre_id)
values (37, 22, 5);
insert into content_genre(id, content_id, genre_id)
values (38, 22, 1);
insert into content_genre(id, content_id, genre_id)
values (39, 23, 8);
insert into content_genre(id, content_id, genre_id)
values (40, 23, 10);
insert into content_genre(id, content_id, genre_id)
values (41, 24, 2);
insert into content_genre(id, content_id, genre_id)
values (42, 24, 3);
insert into content_genre(id, content_id, genre_id)
values (43, 25, 7);
insert into content_genre(id, content_id, genre_id)
values (44, 25, 2);
insert into content_genre(id, content_id, genre_id)
values (45, 25, 11);
insert into content_genre(id, content_id, genre_id)
values (46, 26, 2);
insert into content_genre(id, content_id, genre_id)
values (47, 26, 15);
insert into content_genre(id, content_id, genre_id)
values (48, 26, 1);
insert into content_genre(id, content_id, genre_id)
values (49, 29, 2);
insert into content_genre(id, content_id, genre_id)
values (50, 29, 7);
insert into content_genre(id, content_id, genre_id)
values (51, 29, 11);
insert into content_genre(id, content_id, genre_id)
values (52, 30, 2);
insert into content_genre(id, content_id, genre_id)
values (53, 30, 5);
insert into content_genre(id, content_id, genre_id)
values (54, 30, 10);
insert into content_genre(id, content_id, genre_id)
values (55, 31, 2);
insert into content_genre(id, content_id, genre_id)
values (56, 31, 7);
insert into content_genre(id, content_id, genre_id)
values (57, 32, 2);
insert into content_genre(id, content_id, genre_id)
values (58, 32, 4);
insert into content_genre(id, content_id, genre_id)
values (59, 32, 8);
insert into content_genre(id, content_id, genre_id)
values (60, 33, 2);
insert into content_genre(id, content_id, genre_id)
values (61, 33, 7);
insert into content_genre(id, content_id, genre_id)
values (62, 34, 2);
insert into content_genre(id, content_id, genre_id)
values (63, 34, 7);
insert into content_genre(id, content_id, genre_id)
values (64, 35, 3);
insert into content_genre(id, content_id, genre_id)
values (65, 36, 3);
insert into content_genre(id, content_id, genre_id)
values (66, 36, 9);
insert into content_genre(id, content_id, genre_id)
values (67, 37, 7);
insert into content_genre(id, content_id, genre_id)
values (68, 37, 2);
insert into content_genre(id, content_id, genre_id)
values (69, 37, 6);
insert into content_genre(id, content_id, genre_id)
values (70, 38, 7);
insert into content_genre(id, content_id, genre_id)
values (71, 38, 2);
insert into content_genre(id, content_id, genre_id)
values (72, 38, 6);
insert into content_genre(id, content_id, genre_id)
values (73, 39, 1);
insert into content_genre(id, content_id, genre_id)
values (74, 39, 2);
insert into content_genre(id, content_id, genre_id)
values (75, 39, 11);
insert into content_genre(id, content_id, genre_id)
values (76, 40, 2);
insert into content_genre(id, content_id, genre_id)
values (77, 40, 13);
insert into content_genre(id, content_id, genre_id)
values (78, 41, 2);
insert into content_genre(id, content_id, genre_id)
values (79, 41, 7);
insert into content_genre(id, content_id, genre_id)
values (80, 41, 11);
insert into content_genre(id, content_id, genre_id)
values (81, 42, 3);
insert into content_genre(id, content_id, genre_id)
values (82, 42, 2);
insert into content_genre(id, content_id, genre_id)
values (83, 42, 13);
insert into content_genre(id, content_id, genre_id)
values (84, 43, 1);
insert into content_genre(id, content_id, genre_id)
values (85, 43, 2);
insert into content_genre(id, content_id, genre_id)
values (86, 43, 12);
insert into content_genre(id, content_id, genre_id)
values (87, 44, 2);
insert into content_genre(id, content_id, genre_id)
values (88, 44, 12);
insert into content_genre(id, content_id, genre_id)
values (89, 44, 14);
insert into content_genre(id, content_id, genre_id)
values (90, 45, 2);
insert into content_genre(id, content_id, genre_id)
values (91, 45, 12);
insert into content_genre(id, content_id, genre_id)
values (92, 46, 3);
insert into content_genre(id, content_id, genre_id)
values (93, 47, 1);
insert into content_genre(id, content_id, genre_id)
values (94, 47, 2);
insert into content_genre(id, content_id, genre_id)
values (95, 47, 15);
insert into content_genre(id, content_id, genre_id)
values (96, 48, 2);
insert into content_genre(id, content_id, genre_id)
values (97, 48, 6);
insert into content_genre(id, content_id, genre_id)
values (98, 48, 9);
insert into content_genre(id, content_id, genre_id)
values (99, 49, 1);
insert into content_genre(id, content_id, genre_id)
values (100, 49, 7);

-- Adding Content-Provider
insert into content_provider(id, content_id, provider_id)
values (1, 1, 1);
insert into content_provider(id, content_id, provider_id)
values (2, 1, 2);
insert into content_provider(id, content_id, provider_id)
values (3, 2, 1);
insert into content_provider(id, content_id, provider_id)
values (4, 2, 2);
insert into content_provider(id, content_id, provider_id)
values (5, 9, 1);
insert into content_provider(id, content_id, provider_id)
values (6, 9, 3);
insert into content_provider(id, content_id, provider_id)
values (7, 10, 1);
insert into content_provider(id, content_id, provider_id)
values (8, 10, 2);
insert into content_provider(id, content_id, provider_id)
values (9, 10, 4);
insert into content_provider(id, content_id, provider_id)
values (10, 11, 2);
insert into content_provider(id, content_id, provider_id)
values (11, 11, 3);
insert into content_provider(id, content_id, provider_id)
values (12, 12, 1);
insert into content_provider(id, content_id, provider_id)
values (13, 12, 5);
insert into content_provider(id, content_id, provider_id)
values (14, 13, 2);
insert into content_provider(id, content_id, provider_id)
values (15, 13, 4);
insert into content_provider(id, content_id, provider_id)
values (16, 14, 1);
insert into content_provider(id, content_id, provider_id)
values (17, 14, 3);
insert into content_provider(id, content_id, provider_id)
values (18, 14, 5);
insert into content_provider(id, content_id, provider_id)
values (19, 15, 1);
insert into content_provider(id, content_id, provider_id)
values (20, 15, 2);
insert into content_provider(id, content_id, provider_id)
values (21, 16, 3);
insert into content_provider(id, content_id, provider_id)
values (22, 16, 4);
insert into content_provider(id, content_id, provider_id)
values (23, 17, 1);
insert into content_provider(id, content_id, provider_id)
values (24, 17, 2);
insert into content_provider(id, content_id, provider_id)
values (25, 17, 5);
insert into content_provider(id, content_id, provider_id)
values (26, 18, 2);
insert into content_provider(id, content_id, provider_id)
values (27, 18, 3);
insert into content_provider(id, content_id, provider_id)
values (28, 19, 4);
insert into content_provider(id, content_id, provider_id)
values (29, 19, 5);
insert into content_provider(id, content_id, provider_id)
values (30, 20, 1);
insert into content_provider(id, content_id, provider_id)
values (31, 20, 2);
insert into content_provider(id, content_id, provider_id)
values (32, 20, 4);
insert into content_provider(id, content_id, provider_id)
values (33, 21, 1);
insert into content_provider(id, content_id, provider_id)
values (34, 21, 2);
insert into content_provider(id, content_id, provider_id)
values (35, 21, 3);
insert into content_provider(id, content_id, provider_id)
values (36, 22, 1);
insert into content_provider(id, content_id, provider_id)
values (37, 22, 4);
insert into content_provider(id, content_id, provider_id)
values (38, 22, 5);
insert into content_provider(id, content_id, provider_id)
values (39, 23, 2);
insert into content_provider(id, content_id, provider_id)
values (40, 23, 3);
insert into content_provider(id, content_id, provider_id)
values (41, 23, 5);
insert into content_provider(id, content_id, provider_id)
values (42, 24, 1);
insert into content_provider(id, content_id, provider_id)
values (43, 24, 4);
insert into content_provider(id, content_id, provider_id)
values (44, 25, 2);
insert into content_provider(id, content_id, provider_id)
values (45, 25, 3);
insert into content_provider(id, content_id, provider_id)
values (46, 25, 4);
insert into content_provider(id, content_id, provider_id)
values (47, 26, 1);
insert into content_provider(id, content_id, provider_id)
values (48, 26, 2);
insert into content_provider(id, content_id, provider_id)
values (49, 26, 5);
insert into content_provider(id, content_id, provider_id)
values (50, 29, 2);
insert into content_provider(id, content_id, provider_id)
values (51, 30, 1);
insert into content_provider(id, content_id, provider_id)
values (52, 31, 3);
insert into content_provider(id, content_id, provider_id)
values (53, 32, 1);
insert into content_provider(id, content_id, provider_id)
values (54, 33, 2);
insert into content_provider(id, content_id, provider_id)
values (55, 34, 4);
insert into content_provider(id, content_id, provider_id)
values (56, 35, 2);
insert into content_provider(id, content_id, provider_id)
values (57, 36, 1);
insert into content_provider(id, content_id, provider_id)
values (58, 37, 2);
insert into content_provider(id, content_id, provider_id)
values (59, 38, 1);
insert into content_provider(id, content_id, provider_id)
values (60, 40, 3);
insert into content_provider(id, content_id, provider_id)
values (61, 41, 4);
insert into content_provider(id, content_id, provider_id)
values (62, 42, 1);
insert into content_provider(id, content_id, provider_id)
values (63, 43, 5);
insert into content_provider(id, content_id, provider_id)
values (64, 44, 1);
insert into content_provider(id, content_id, provider_id)
values (65, 45, 5);
insert into content_provider(id, content_id, provider_id)
values (66, 46, 1);
insert into content_provider(id, content_id, provider_id)
values (67, 47, 1);
insert into content_provider(id, content_id, provider_id)
values (68, 48, 1);
insert into content_provider(id, content_id, provider_id)
values (69, 39, 1);
insert into content_provider(id, content_id, provider_id)
values (70, 49, 2);
insert into content_provider(id, content_id, provider_id)
values (71, 49, 3);



-- Adding Content-Cast
insert into content_cast(id , crew_member_id, content_id, character_name)
values (1, 1, 1, 'اللمبي');
insert into content_cast(id , crew_member_id, content_id, character_name)
values (2, 2, 1, 'نوسة');
insert into content_cast(id , crew_member_id, content_id, character_name)
values (3, 3, 1, 'فرنسا');
insert into content_cast(id , crew_member_id, content_id, character_name)
values (4, 4, 1, 'عم بخ');
insert into content_cast(id , crew_member_id, content_id, character_name)
values (5, 6, 2, 'Michael Scofield');
insert into content_cast(id , crew_member_id, content_id, character_name)
values (6, 7, 2, 'Dominic Purcell');
insert into content_cast(id , crew_member_id, content_id, character_name)
values (7, 8, 2, 'Paul Kellerman');
insert into content_cast(id , crew_member_id, content_id, character_name)
values (8, 9, 2, 'Theodore Bagwell');
insert into content_cast(id , crew_member_id, content_id, character_name)
values (9, 10, 2, 'Fernando Sucre');
insert into content_cast(id, crew_member_id, content_id, character_name)
values (10, 45, 10, 'Don Vito Corleone');
insert into content_cast(id, crew_member_id, content_id, character_name)
values (11, 42, 10, 'Michael Corleone');
insert into content_cast(id, crew_member_id, content_id, character_name)
values (12, 43, 10, 'Sonny Corleone');
insert into content_cast(id, crew_member_id, content_id, character_name)
values (13, 46, 11, 'Andy Dufresne');
insert into content_cast(id, crew_member_id, content_id, character_name)
values (14, 47, 11, 'Ellis Boyd "Red" Redding');
insert into content_cast(id, crew_member_id, content_id, character_name)
values (15, 49, 12, 'Tyler Durden');
insert into content_cast(id, crew_member_id, content_id, character_name)
values (16, 50, 12, 'The Narrator');
insert into content_cast(id, crew_member_id, content_id, character_name)
values (17, 52, 13, 'The Bride');
insert into content_cast(id, crew_member_id, content_id, character_name)
values (18, 21, 13, 'Rufus');
insert into content_cast(id, crew_member_id, content_id, character_name)
values (19, 54, 14, 'Maximus');
insert into content_cast(id, crew_member_id, content_id, character_name)
values (20, 12, 15, 'Jack Dawson');
insert into content_cast(id, crew_member_id, content_id, character_name)
values (21, 13, 15, 'Rose DeWitt Bukater');
insert into content_cast(id, crew_member_id, content_id, character_name)
values (22, 17, 16, 'Neo');
insert into content_cast(id, crew_member_id, content_id, character_name)
values (23, 18, 16, 'Morpheus');
insert into content_cast(id, crew_member_id, content_id, character_name)
values (24, 21, 17, 'Jules Winnfield');
insert into content_cast(id, crew_member_id, content_id, character_name)
values (25, 22, 17, 'Vincent Vega');
insert into content_cast(id, crew_member_id, content_id, character_name)
values (26, 52, 17, 'Mia Wallace');
insert into content_cast(id, crew_member_id, content_id, character_name)
values (27, 25, 18, 'Bruce Wayne / Batman');
insert into content_cast(id, crew_member_id, content_id, character_name)
values (28, 26, 18, 'Joker');
insert into content_cast(id, crew_member_id, content_id, character_name)
values (29, 61, 19, 'Selim El-Beheiry');
insert into content_cast(id, crew_member_id, content_id, character_name)
values (30, 62, 19, 'Yehia El-Beheiry');
insert into content_cast(id, crew_member_id, content_id, character_name)
values (31, 15, 20, 'Forrest Gump');
insert into content_cast(id, crew_member_id, content_id, character_name)
values (32, 37, 20, 'Jenny Curran');
insert into content_cast(id, crew_member_id, content_id, character_name)
values (33, 30, 9, 'Hassan');
insert into content_cast(id, crew_member_id, content_id, character_name)
values (34, 31, 9, 'Nadia');
insert into content_cast(id, crew_member_id, content_id, character_name)
values (35, 12, 21, 'Dom Cobb');
insert into content_cast(id, crew_member_id, content_id, character_name)
values (36, 15, 21, 'Arthur');
insert into content_cast(id, crew_member_id, content_id, character_name)
values (37, 38, 21, 'Mr. Saito');
insert into content_cast(id, crew_member_id, content_id, character_name)
values (38, 56, 22, 'Frodo Baggins');
insert into content_cast(id, crew_member_id, content_id, character_name)
values (39, 57, 22, 'Gandalf');
insert into content_cast(id, crew_member_id, content_id, character_name)
values (40, 58, 22, 'Legolas');
insert into content_cast(id, crew_member_id, content_id, character_name)
values (41, 60, 23, 'Han Solo');
insert into content_cast(id, crew_member_id, content_id, character_name)
values (42, 47, 23, 'Obi-Wan Kenobi');
insert into content_cast(id, crew_member_id, content_id, character_name)
values (43, 17, 23, 'Luke Skywalker');
insert into content_cast(id, crew_member_id, content_id, character_name)
values (44, 27, 24, 'Sheikh Hosni');
insert into content_cast(id, crew_member_id, content_id, character_name)
values (45, 35, 24, 'Youssef');
insert into content_cast(id, crew_member_id, content_id, character_name)
values (46, 28, 24, 'Fatma');
insert into content_cast(id, crew_member_id, content_id, character_name)
values (47, 42, 25, 'James Conway');
insert into content_cast(id, crew_member_id, content_id, character_name)
values (48, 43, 25, 'Tommy DeVito');
insert into content_cast(id, crew_member_id, content_id, character_name)
values (49, 49, 25, 'Henry Hill');
insert into content_cast(id, crew_member_id, content_id, character_name)
values (50, 15, 26, 'Captain John Miller');
insert into content_cast(id, crew_member_id, content_id, character_name)
values (51, 46, 26, 'Private Ryan');
insert into content_cast(id, crew_member_id, content_id, character_name)
values (52, 54, 26, 'Sergeant Horvath');
insert into content_cast(id, crew_member_id, content_id, character_name)
values (73, 64, 29, 'Walter White');
insert into content_cast(id, crew_member_id, content_id, character_name)
values (74, 65, 29, 'Jesse Pinkman');
insert into content_cast(id, crew_member_id, content_id, character_name)
values (75, 67, 30, 'Daenerys Targaryen');
insert into content_cast(id, crew_member_id, content_id, character_name)
values (76, 68, 30, 'Tyrion Lannister');
insert into content_cast(id, crew_member_id, content_id, character_name)
values (77, 69, 30, 'Jon Snow');
insert into content_cast(id, crew_member_id, content_id, character_name)
values (78, 71, 31, 'Tony Soprano');
insert into content_cast(id, crew_member_id, content_id, character_name)
values (79, 72, 31, 'Carmela Soprano');
insert into content_cast(id, crew_member_id, content_id, character_name)
values (80, 74, 32, 'Eleven');
insert into content_cast(id, crew_member_id, content_id, character_name)
values (81, 75, 32, 'Mike Wheeler');
insert into content_cast(id, crew_member_id, content_id, character_name)
values (82, 76, 32, 'Jim Hopper');
insert into content_cast(id, crew_member_id, content_id, character_name)
values (83, 78, 33, 'Jimmy McNulty');
insert into content_cast(id, crew_member_id, content_id, character_name)
values (84, 79, 33, 'Stringer Bell');
insert into content_cast(id, crew_member_id, content_id, character_name)
values (85, 81, 34, 'Saul Goodman / Jimmy McGill');
insert into content_cast(id, crew_member_id, content_id, character_name)
values (86, 82, 34, 'Kim Wexler');
insert into content_cast(id, crew_member_id, content_id, character_name)
values (87, 84, 35, 'Michael Scott');
insert into content_cast(id, crew_member_id, content_id, character_name)
values (88, 85, 35, 'Jim Halpert');
insert into content_cast(id, crew_member_id, content_id, character_name)
values (89, 87, 36, 'Rachel Green');
insert into content_cast(id, crew_member_id, content_id, character_name)
values (90, 88, 36, 'Monica Geller');
insert into content_cast(id, crew_member_id, content_id, character_name)
values (91, 89, 36, 'Chandler Bing');
insert into content_cast(id, crew_member_id, content_id, character_name)
values (92, 91, 37, 'Sherlock Holmes');
insert into content_cast(id, crew_member_id, content_id, character_name)
values (93, 92, 37, 'Dr. John Watson');
insert into content_cast(id, crew_member_id, content_id, character_name)
values (94, 94, 38, 'Rust Cohle');
insert into content_cast(id, crew_member_id, content_id, character_name)
values (95, 95, 38, 'Marty Hart');
insert into content_cast(id, crew_member_id, content_id, character_name)
values (96, 107, 39, 'Raafat Al-Haggan');
insert into content_cast(id, crew_member_id, content_id, character_name)
values (97, 108, 39, 'Nadya');
insert into content_cast(id, crew_member_id, content_id, character_name)
values (98, 109, 40, 'Various Characters');
insert into content_cast(id, crew_member_id, content_id, character_name)
values (99, 110, 40, 'Various Characters');
insert into content_cast(id, crew_member_id, content_id, character_name)
values (100, 111, 41, 'Counselor Ziyad');
insert into content_cast(id, crew_member_id, content_id, character_name)
values (101, 113, 41, 'Layla Ziyad');
insert into content_cast(id, crew_member_id, content_id, character_name)
values (102, 107, 42, 'Wanis');
insert into content_cast(id, crew_member_id, content_id, character_name)
values (103, 108, 42, 'Jamaloh');
insert into content_cast(id, crew_member_id, content_id, character_name)
values (104, 109, 43, 'King Farouk I');
insert into content_cast(id, crew_member_id, content_id, character_name)
values (105, 115, 43, 'Queen Nariman');
insert into content_cast(id, crew_member_id, content_id, character_name)
values (106, 110, 44, 'Mahmoud Al-Araby');
insert into content_cast(id, crew_member_id, content_id, character_name)
values (107, 108, 44, 'Zohra');
insert into content_cast(id, crew_member_id, content_id, character_name)
values (108, 114, 44, 'Kamal');
insert into content_cast(id, crew_member_id, content_id, character_name)
values (109, 113, 45, 'Layla');
insert into content_cast(id, crew_member_id, content_id, character_name)
values (110, 114, 45, 'Ali');
insert into content_cast(id, crew_member_id, content_id, character_name)
values (111, 112, 46, 'Al-Kabeer / Johnny / Hazelakom');
insert into content_cast(id, crew_member_id, content_id, character_name)
values (112, 108, 47, 'Umm Kulthum');
insert into content_cast(id, crew_member_id, content_id, character_name)
values (113, 111, 47, 'Mohammad Al-Qasabgi');
insert into content_cast(id, crew_member_id, content_id, character_name)
values (114, 115, 48, 'Nazli');
insert into content_cast(id, crew_member_id, content_id, character_name)
values (115, 116, 48, 'Amina');
insert into content_cast(id, crew_member_id, content_id, character_name)
values (116, 117, 49, 'Tokio');
insert into content_cast(id, crew_member_id, content_id, character_name)
values (117, 118, 49, 'Raquel Murillo');
insert into content_cast(id, crew_member_id, content_id, character_name)
values (118, 119, 49, 'Profesor');
insert into content_cast(id, crew_member_id, content_id, character_name)
values (119, 120, 49, 'Berlín');



-- Adding Seasons
insert into content(id, title, overview, original_language, poster_path, release_date, imdb_rate, tmdb_id, content_type)
values (3, 'Prison Break Season 1', 'Lincoln Burrows is currently on death row and scheduled to die in a few months for an assassination his younger brother Michael is convinced he did not commit.','en', '/jnMW2qcOjgwsjHx6QkOIeXShsLi.jpg', '2005-01-20', 8.078, 7132, 'SEASON');

insert into content(id, title, overview, original_language, poster_path, release_date, imdb_rate, tmdb_id, content_type)
values (4, 'Prison Break Season 2', 's eight hours has passed since the escape, Michael, Lincoln, Sucre, C-Note and Abruzzi attempt to evade their seekers.','en', '/sRZyjc1BVnVFnTkeU33TG9C6Djd.jpg', '2006-01-20', 8.078, 7133 ,'SEASON');

insert into season(id, season_number, series_id)
values (3, 1, 2);
insert into season(id, season_number, series_id)
values (4, 2, 2);

-- Adding Episodes
insert into content(id, title, overview, original_language, poster_path, release_date, imdb_rate, tmdb_id, content_type)
values (5, 'Pilot', 'Michael Scofield, a structural engineer, attempts to rob a bank in order to get incarcerated at Fox River State Penitentiary, where his brother Lincoln Burrows, accused of murdering the Vice Presidents brother, is scheduled to be executed.','en', '/zQbhElwkCKV4QG6OtXmN7wResE.jpg', '2005-08-29', 8.078, 1111, 'EPISODE');
insert into content(id, title, overview, original_language, poster_path, release_date, imdb_rate, tmdb_id, content_type)
values (6, 'Allen', 'Michael seeks help of his fellow prison inhabitants to execute his escape plans.','en', '/cng0p8lg3dskrktVA2W9cJZePY4.jpg', '2005-08-29', 8.4, 1112, 'EPISODE');
insert into content(id, title, overview, original_language, poster_path, release_date, imdb_rate, tmdb_id, content_type)
values (7, 'Manhunt', 'As eight hours has passed since the escape, Michael, Lincoln, Sucre, C-Note and Abruzzi attempt to evade their seekers.','en', '/3gksayUgMiPsBGxYkmMmJcumJSI.jpg', '2006-08-29', 9, 1121, 'EPISODE');
insert into content(id, title, overview, original_language, poster_path, release_date, imdb_rate, tmdb_id, content_type)
values (8, 'Otis', 'Mahone tries to lure the escapees by targeting an imprisoned LJ. Michael and Lincoln come up with a plan to free LJ from jail.','en', '/4MQOW5Z4EFSELwWjwbyXD2xqP5.jpg', '2006-09-29', 9.5, 1122, 'EPISODE');


insert into episode(id ,run_time, season_id, episode_number)
values (5, 45, 3, 1);
insert into episode(id ,run_time, season_id, episode_number)
values (6, 45, 3, 2);
insert into episode(id ,run_time, season_id, episode_number)
values (7, 45, 4, 1);
insert into episode(id ,run_time, season_id, episode_number)
values (8, 45, 4, 2);

-- Adding Users
insert into app_user(id, name, username, password, email, date_of_birth, profile_picture)
values (1, 'Mahmoud', 'Te7a', 'ok', 'eeeeeeh@gmail.com', '2001-07-21','https://image.tmdb.org/t/p/w500/kDO1gFqMnsV5gCQsMgEL9BZongX.jpg');
insert into app_user(id, name, username, password, email, date_of_birth, profile_picture)
values (2, 'Wael', 'Tmm', 'ok', 'w7sh@gmail.com', '2001-07-21','https://image.tmdb.org/t/p/w500/bGPLRUkjCHm2j8VspCOgL6mti4b.jpg');
insert into app_user(id, name, username, password, email, date_of_birth, profile_picture)
values (3, 'Mohamed', 'Megz', 'ok', 'colonya@gmail.com', '2001-03-01','https://image.tmdb.org/t/p/w500/xfcrAKFHq81VVO9axg1zP8JrYCN.jpg');
insert into app_user(id, name, username, password, email, date_of_birth, profile_picture)
values (4, 'Ali', 'Juicy', 'ok', 'kitchen@gmail.com', '2001-07-21','https://image.tmdb.org/t/p/w500/kDO1gFqMnsV5gCQsMgEL9BZongX.jpg');

-- Adding Reviews
insert into review(id, review_title, description, rate, spoiler, created_at, updated_at, content_id, user_id)
values (1, 'Gamed', 'Nice Movie', 10, true , '2025-05-21', CURRENT_TIMESTAMP, 1, 1);
insert into review(id, review_title, description, rate, spoiler, created_at, updated_at, content_id, user_id)
values (2, 'WP', 'So intelligent', 10, false , CURRENT_TIMESTAMP, CURRENT_TIMESTAMP, 2, 2);
insert into review(id, review_title, description, rate, spoiler, created_at, updated_at, content_id, user_id)
values (3, 'GG', 'So Great Season', 10, false , CURRENT_TIMESTAMP, CURRENT_TIMESTAMP, 3, 1);
insert into review(id, review_title, description, rate, spoiler, created_at, updated_at, content_id, user_id)
values (4, 'Bad', 'Not good episode', 10, false , CURRENT_TIMESTAMP, CURRENT_TIMESTAMP, 6, 3);
insert into review(id, review_title, description, rate, spoiler, created_at, updated_at, content_id, user_id)
values (5, 'Bad Movie', 'Just a waste of time', 0, false , '2025-05-22', CURRENT_TIMESTAMP, 1, 2);
insert into review(id, review_title, description, rate, spoiler, created_at, updated_at, content_id, user_id)
values (6, 'Poor Story', 'Great actors but bad story', 6, false , CURRENT_TIMESTAMP, CURRENT_TIMESTAMP, 1, 3);
insert into review(id, review_title, description, rate, spoiler, created_at, updated_at, content_id, user_id)
values (7, 'Poor Story', 'So bad to watch', 3, false , CURRENT_TIMESTAMP, CURRENT_TIMESTAMP, 9, 1);
-- Adding Reactions
insert into review_reaction(id, reaction_type, created_at, updated_at, review_id, user_id)
values (1,'LIKE', CURRENT_TIMESTAMP, CURRENT_TIMESTAMP, 1,2);
insert into review_reaction(id, reaction_type, created_at, updated_at, review_id, user_id)
values (2,'LIKE', CURRENT_TIMESTAMP, CURRENT_TIMESTAMP, 1,3);
insert into review_reaction(id, reaction_type, created_at, updated_at, review_id, user_id)
values (3,'DISLIKE', CURRENT_TIMESTAMP, CURRENT_TIMESTAMP, 1,4);

-- Adding Watchlist
insert into watchlist(id, watching_status, created_at, updated_at, content_id, user_id)
values (1, 'WATCHED', CURRENT_TIMESTAMP, CURRENT_TIMESTAMP, 1, 1);
insert into watchlist(id, watching_status, created_at, updated_at, content_id, user_id)
values (2, 'WATCHED', CURRENT_TIMESTAMP, CURRENT_TIMESTAMP, 2, 1);
insert into watchlist(id, watching_status, created_at, updated_at, content_id, user_id)
values (3, 'WATCHED', CURRENT_TIMESTAMP, CURRENT_TIMESTAMP, 3, 1);
insert into watchlist(id, watching_status, created_at, updated_at, content_id, user_id)
values (4, 'TO_WATCH', CURRENT_TIMESTAMP, CURRENT_TIMESTAMP, 4, 1);

